{
  "type": "BasicTplMatcher",
  "quad_detector": 
  {
    "type": "ObjedQuadDetector",
    
    "fast_mode" : true,
    "fast_scanning_step_multiplier" : 4,
    "scale_steps_number" : 16,
    "high_score_threshold" : 0.82,
    "cl": "cl_page3_201x141.pb",
    "cl_x_step": 1,
    "cl_y_step": 1,

    "max_scale": 1.00,
    "min_scale": 0.00,
    "stp_scale": 0.02,

    "base_image_width": 256,
    "base_image_height": 192
  },

  "type_detector": 
  {
    "type": "DummyTypeDetector",
    "doc_type": "page3"
  },

  "doc_descriptors":
  {
    "page3": 
    {
      "size": [415, 285],
      "zones":
      [
        {
          "name": "number",
          "band": [390, 50, 390, 250, 50]
        },
        {
          "name": "data",
          "rect": [135, 23, 250, 200]
        },
        {
          "name": "mrz",
          "rect": [0, 210, 415, 75]
        },
        {
          "name": "photo",
          "rect": [25, 65, 105, 130]
        }
      ]
    }
  }
}