{
  "type": "BasicTplMatcher",
  "quad_detector": 
  {
    "type": "ObjedQuadDetector",

    "fast_mode" : true,
    "fast_scanning_step_multiplier" : 4,
    "scale_steps_number" : 16,
    "high_score_threshold" : 0.83,
    "cl": "cl_page2_201x141.pb",
    "cl_x_step": 1,
    "cl_y_step": 1,

    "max_scale": 1.00,
    "min_scale": 0.00,
    "stp_scale": 0.02,

    "low_score_threshold": 0.5,
    "high_score_threshold": 0.5,

    "base_image_width": 360,
    "base_image_height": 270
  },

  "type_detector": 
  {
    "type": "DummyTypeDetector",
    "doc_type": "page2"
  },

  "doc_descriptors":
  {
    "page2": 
    {
      "size": [415, 285],
      "zones":
      [
        {
          "name": "number",
          "band": [390, 50, 390, 250, 50]
        },
        {
          "name": "data",
          "rect": [10, 40, 375, 110]
        },
        {
          "name": "sign",
          "rect": [245, 185, 135, 50]
        }
      ]
    }
  }
}