{
    "type": "common",
    "settings": {
        "processing": {
            "use_blink_removing": true,
            "blink_removing_percent": 0.1,
            "use_background_closing": true,
            "background_closing_wx": 4,
            "background_closing_wy": 4,
            "use_morphology_open": true,
            "morphology_open_wx": 13,
            "morphology_open_wy": 1,
            "use_morphology_close": true,
            "morphology_close_wx": 0,
            "morphology_close_wy": 3,
            "use_autocontrast": true,
            "autocontrast_satur_black": 0.02,
            "autocontrast_satur_white": 0.05,
            "use_saturation": false,
            "use_angle_detector": true,
            "threshold_additional": 0.1,
            "use_second_pass": true,
            "gamma_level": 0.5
        },
        "settings": {
            "max_v_size": 24,
            "min_v_size": 6,
            "min_h_size": 18,
            "min_h_gap": 36,
            "step_x": 7,
            "step_y": 4,
            "indent_l": 20,
            "indent_r": 10
        },
        "layout": [
            {
                "objects": [
                    {
                        "name": "surname0"
                    }
                ]
            },
            {
                "is_optional": true,
                "objects": [
                    {   
                        "name": "surname1"
                    }
                ]
            },
            {
                "objects": [
                    {
                        "name": "name"
                    }
                ]
            },
            {
                "objects": [
                    {
                        "name": "patronymic"
                    }
                ]
            },
            {
                "objects": [
                    {
                        "name": "gender"
                    },
                    {
                        "name": "birthdate"
                    }

                ]
            },
            {
                "objects": [
                    {
                        "name": "birthplace0"
                    }
                ]
            },
            {
                "is_optional": true,
                "objects": [
                    {
                        "name": "birthplace1"
                    }
                ]
            },
            {
                "is_optional": true,
                "objects": [
                    {
                        "name": "birthplace2"
                    }
                ]
            }


        ]
    }
}