{
	"type": "common",
	"settings":
	{
		"field_type": "gender",
		"font_depth": [0.38, 0.9],
		"dot_parms": [0.55, 0.2, 0.7, 0.2, 0.6, 1.8, 0.45, 0.25],
		"saturate_bw": [0.025, 0.25],
		"morph_filter": true,
		"line_templates": ["ttt"],
		"non_ocr_characters": ".",
		"try_mono": false,
		"min_height": 20,
		"max_height": 72,
		"ocr_engine": 
		{
			"type": "native",
			"settings": {
				"recognizer_path": "sgm_snp_5.pb",
				"min_width": 12,
				"min_height": 12,
				"autocontrast": true,
				"satur_black": 0.10,
				"satur_white": 0.10,
				"max_stretch": 3.0  
			}
		},
		"projection_provider": 
		{
			"type": "absgrad",
			"settings": {
				"quantile": 0.95,
				"gauss_sigma": 0.0
			}
		},
		"base_lines_finder": 
		{
			"type": "absgrad",
			"settings": {
				"with_aditional_normalization": true
			}
		}
	}
}