{
	"type": "common",
	"settings":
	{
		"field_type": "common",
		"font_depth": [0.37, 0.9],
		"space_depth": [0.55, 2.0],
		"dot_parms": [0.55, 0.2, 0.7, 0.2, 0.6, 1.8, 0.45, 0.25],
		"dash_parms": [0.4, 0.2, 0.35, 0.15, 0.7],
		"saturate_bw": [0.01, 0.25],
		"morph_filter": true,
		"descenders": "ДЦЩ",
		"ascenders": "ЁЙ",
		"non_ocr_characters": " .-",
		"ocr_engine": 
		{
	  	"type": "native",
	  	"settings": {
				"recognizer_path": "sgm_ext.pb",
				"min_width": 12,
				"min_height": 12,
				"autocontrast": true,
				"satur_black": 0.01,
				"satur_white": 0.01,
				"max_stretch": 3.0	
	  	}
	  }
	}
}