{
  "type": "common",
  "settings":
  {  
    "field_type": "digits",
    "font_depth": [0.34, 0.9],
    "space_depth": [0.5, 1.0],
    "dot_parms": [0.55, 0.2, 0.7, 0.0, 0.0, 1.8, 0.45, 0.25],
    "saturate_bw": [0.025, 0.25],
    "morph_filter": true,
    "line_templates": ["dd.dd.dddd"],
    "non_ocr_characters": ".",
    "ocr_engine": 
    {
      "type": "native",
      "settings": {
        "recognizer_path": "sgm_numbers.pb",
        "autocontrast": true,
        "satur_black": 0.01,
        "satur_white": 0.01,
        "max_stretch": 3.0
      }
    }
  }
}