{
	"type": "common",
	"settings":
	{
		"field_type": "name",
		"font_depth": [0.38, 1.03],
		"space_depth": [0.7, 2.0],
		"dash_parms": [0.4, 0.2, 0.35, 0.15, 0.7],
		"saturate_bw": [0.025, 0.25],
		"morph_filter": true,
		"descenders": "ДЦЩРУ",
		"ascenders": "ЁЙБ",
		"non_ocr_characters": " -",
		"try_mono": true,
		"try_common": true,
		"ocr_engine": {
			"type": "native",
			"settings": {
				"recognizer_path": "sgm_snp_5.pb",
				"min_width": 12,
				"min_height": 12,
				"autocontrast": true,
				"satur_black": 0.10,
				"satur_white": 0.10,
				"max_stretch": 3.0	
			}
		},
		"try_endtoend": false,
    "endtoend_segm": {
      "settings": {
        "vertical_expansion_wing": 4,
        "filter_threshold": 0.3,
        "blur_sigma": 1.0,
        "autocontrast": true,
        "convnet_path": "../psplinesgm_endtoend/segm_net_conv.pb",
        "rnn": {
        	"enabled": true,
        	"path": "../psplinesgm_endtoend/segm_net_rnn.pb",
        	"window_size": 10
        },
        "post_rnn": {
        	"enabled": false,
        	"path": "../psplinesgm_endtoend/segm_net_rnn.pb",
        	"window_size": 10
        }
      }
    }
	}
}