{
  "tpl_recognizer": {
    "tpl_paths": [
      "psptplmatcher/page3_anywhere.json",
      "psptplmatcher/page2_anywhere.json"
    ],
    "stream": false
  },

  "number_recognizer": {
    "ocr_engine": "pspocr/number_ocr_engine.json",
    "number_line_segmentator": "psplinesgm/linesgm_config_number.json",

    "digits_highlighter": "psphighlighter/symbol_hl.json",

    "series_integrator": "pspintegrator/series_integrator.json",
    "number_integrator": "pspintegrator/number_integrator.json",
    "series_low_rejector": "psprejector/numser_low_rejector.json",
    "number_low_rejector": "psprejector/numser_low_rejector.json",
    "series_high_rejector": "psprejector/numser_high_rejector.json",
    "number_high_rejector": "psprejector/numser_high_rejector.json"
  },

  "page2_recognizer": {
    "data_segmentator": "pspvertsgm/page2_vertsgm_any.json",

    "line_segm_extra_pad_x_px": 1,
    "line_segm_extra_pad_y_px": 1,

    "code_line_segmentator": "psplinesgm/linesgm_config_code.json",

    "authority_code_ocr_engine": "pspocr/authority_code_ocr_engine.json",

    "symdig_recognizer": "psprecstr/symdig.json",
    "date_recognizer": "psprecstr/date.json",

    "authority_integrator": "pspintegrator/authority_integrator.json",
    "authority_code_integrator": "pspintegrator/authority_code_integrator.json",
    "issue_date_integrator": "pspintegrator/issue_date_integrator.json",

    "symbol_highlighter": "psphighlighter/symbol_hl.json",

    "authority_low_rejector": "psprejector/authority_low_rejector.json",
    "authority_code_low_rejector": "psprejector/authority_code_low_rejector.json",
    "issue_date_low_rejector": "psprejector/issue_date_low_rejector.json",
    "authority_high_rejector": "psprejector/authority_high_rejector.json",
    "authority_code_high_rejector": "psprejector/authority_code_high_rejector.json",
    "issue_date_high_rejector": "psprejector/issue_date_high_rejector.json",

    "authority_postprocessor": "psppostprocessor/authority_postprocessor.json",
    "pspdeshearer": "pspdeshearer/p2deshearer.json"
  },

  "page3_recognizer": {
    "data_segmentator": "pspvertsgm/page3_vertsgm_any.json",

    "line_segm_extra_pad_x_px": 1,
    "line_segm_extra_pad_y_px": 1,

    "fio_line_segmentator": "psplinesgm/linesgm_config_fio.json",
    "gender_line_segmentator": "psplinesgm/linesgm_config_gender.json",

    "fio_ocr_engine": "pspocr/fio_ocr_engine.json",
    "gender_ocr_engine": "pspocr/gender_ocr_engine.json",

    "symdig_recognizer": "psprecstr/symdig.json",
    "date_recognizer": "psprecstr/date.json",

    "surname_integrator": "pspintegrator/surname_integrator.json",
    "name_integrator": "pspintegrator/name_integrator.json",
    "patronymic_integrator": "pspintegrator/patronymic_integrator.json",
    "birthdate_integrator": "pspintegrator/birthdate_integrator.json",
    "birthplace_integrator": "pspintegrator/birthplace_integrator.json",
    "gender_integrator": "pspintegrator/gender_integrator.json",

    "symbol_highlighter": "psphighlighter/symbol_hl.json",

    "surname_low_rejector": "psprejector/surname_low_rejector.json",
    "name_low_rejector": "psprejector/name_low_rejector.json",
    "patronymic_low_rejector": "psprejector/patronymic_low_rejector.json",
    "gender_low_rejector": "psprejector/gender_low_rejector.json",
    "birthdate_low_rejector": "psprejector/birthdate_low_rejector.json",
    "birthplace_low_rejector": "psprejector/birthplace_low_rejector.json",
    "surname_high_rejector": "psprejector/surname_high_rejector.json",
    "name_high_rejector": "psprejector/name_high_rejector.json",
    "patronymic_high_rejector": "psprejector/patronymic_high_rejector.json",
    "gender_high_rejector": "psprejector/gender_high_rejector.json",
    "birthdate_high_rejector": "psprejector/birthdate_high_rejector.json",
    "birthplace_high_rejector": "psprejector/birthplace_high_rejector.json",

    "surname_postprocessor"    : "psppostprocessor/surname_postprocessor.json",   
    "name_postprocessor"       : "psppostprocessor/name_postprocessor.json",
    "patronymic_postprocessor" : "psppostprocessor/patronymic_postprocessor.json",
    "birthplace_postprocessor" : "psppostprocessor/birthplace_postprocessor.json",

    "trigram_name_postprocessor"       : "psppostprocessor/trigram_name_postprocessor.json",
    "trigram_patronymic_postprocessor" : "psppostprocessor/trigram_patronymic_postprocessor.json",
    "trigram_surname_postprocessor"    : "psppostprocessor/trigram_surname_postprocessor.json",

    "pspdeshearer": "pspdeshearer/p3deshearer.json"
  },

  "mrz_recognizer": {
    "config_path": "m3z_float.zip",
    "integrate_result": true
  },

  "debug": {
    "loggers": [ ]
  }
}
