{
  "type": "multimodal",
  "settings": {
    "class_integrator_type": "token",
    "class_distance_type": "length_and_l1",
    "class_choice_type": "size_thresholded_then_confidence",
    "class_size_threshold": 0.2,
    "class_integrator_settings": {
      "weight_relevance": 0.0,
      "tokens_cutoff": 10,
      "stopper":
      {
        "type": "simple",
        "settings":
        {
          "min_cluster_size": 2,
          "cluster_confidence_treshold": 0.9765625,
        "ocrstring_confidence_treshold": 0.68359375,
          "max_count_of_pushed_ocrStrings": 5
        }
      }
    }
  }
}