{
  "linesgm": {
    "type": "common",
    "settings":
    {
      "field_type": "common",
      "dash_parms": [0.4, 0.2, 0.35, 0.15, 0.7],
      "dot_parms": [0.55, 0.2, 0.7, 0.2, 0.6, 1.8, 0.45, 0.25],
      "font_depth": [0.37, 0.9],
      "saturate_bw": [0.01, 0.25],
      "space_depth": [0.55, 2.0],
      "morph_filter": true,
      "descenders": "ДЦЩ",
      "ascenders": "ЁЙ",
      "non_ocr_characters": " .-",
      "disable_second_pass": false,
      "ocr_engine": 
      {
        "type": "native",
        "settings": {
          "recognizer_path": "sgm/sgm_ext.pb",
          "min_width": 12,
          "min_height": 12,
          "autocontrast": true,
          "satur_black": 0.01,
          "satur_white": 0.01,
          "max_stretch": 3.0  
        }
      }
    }
  },
  "ocrengine":
  {
    "type": "native",
    "settings": {
      "recognizer_path": "fin/symdig_cur.pb",
      "autocontrast": false
    }
  },
  "layer_applier": {
    "to_use": false,
    "nn_path": "fin/symdig_cur.pb",
    "layer_from": 0,
    "layer_to": 2
  },
  "font_parameters": {
    "height": [30, 60],
    "depth": [0.35, 0.9]
  }
}