{
  "linesgm": {
  "type": "common",
    "settings":
    {  
      "field_type": "digits",
      "font_depth": [0.34, 0.9],
      "space_depth": [0.5, 1.0],
      "dot_parms": [0.55, 0.2, 0.7, 0.0, 0.0, 1.8, 0.45, 0.25],
      "saturate_bw": [0.025, 0.25],
      "morph_filter": true,
      "line_templates": ["dd.dd.dddd"],
      "non_ocr_characters": ".",
      "ocr_engine": 
      {
        "type": "native",
        "settings": {
          "recognizer_path": "sgm/sgm_numbers.pb",
          "autocontrast": true,
          "satur_black": 0.01,
          "satur_white": 0.01,
          "max_stretch": 3.0
        }
      }
    }
  },
  "ocrengine":
  {
    "type": "native",
    "settings": {
      "recognizer_path": "fin/digits_cur.pb",
      "autocontrast": false
    }
  },
  "layer_applier": {
    "to_use": false,
    "nn_path": "fin/digits_cur.pb",
    "layer_from": 0,
    "layer_to": 2
  },
  "font_parameters": {
    "height": [30, 60],
    "depth": [0.35, 0.9]
  }
}